Name,Size,Location,Prismunity,Weight,Active Skills,Passive Skills,Field Skills,Fire Affinity,Ice Affinity,Thunder Affinity,Wind Affinity,Water Affinity,Earth Affinity,Light Affinity,Dark Affinity,Poison Affinity,Confusion Affinity,Sleep Affinity,Blind Affinity,Oblivion Affinity,Berserk Affinity,Slow Affinity,Death Affinity,HP Growth,STR Growth,MAG Growth,DEF Growth,MDF Growth,AGI Growth
Tama,S,Story,None,2,"Foxfire, Cure, Libra","HP+, Strength+, Magic+(x2), Magic Defense+, Agility+, Accuracy+, Critical+, Critical AP Hike",Stroll,0,0,0,0,0,0,0,0,-25,0,-50,-25,0,0,0,50,3,3,3,3,3,4
Tamamohimé,L,Story,None,6,"Blossom Storm, Regen, Raise, Blaze","Strength++, Magic++, Magic Defense+, Agility++, Evasion+(x2), Critical+",Joyride,0,0,0,0,0,0,0,0,-25,0,-50,-25,0,0,0,50,3,3,3,3,3,3
Yurugu,S,Castle Exnine,Inflict Oblivion,2,"Foxfire, Cure, Libra, Dark","HP+, Strength+, Magic+, Magic Defense+, Agility+, Critical+, Critical AP Hike",Stroll,0,0,0,0,0,0,0,0,-25,0,-50,-25,0,0,0,50,3,3,3,3,3,3
Kyubi,L,The Coliseum,Inflict Doom,6,Blossom Storm,"HP+, Strength++, Magic++, Magic Defense+, Agility+, Evasion+, Critical+",Joyride,0,0,0,0,0,0,0,0,-25,0,-50,-25,0,0,0,50,4,3,3,3,3,3
2P Tama,S,The Coliseum,Inflict Sleep,2,"Foxfire, Bio, Raise, Libra, Confuse","HP+(x2), Strength+(x2), Defense+, Magic+(x2), Magic Defense+, Agility+, Accuracy+(x2), Evasion+, Critical+, Critical AP Hike, First Strike",Stroll,-50,0,50,0,0,-50,50,0,0,0,-50,0,0,0,0,25,4,2,2,2,2,3
Chocochick,S,Wellspring Woods,Physical Attack,1,"Ram, Cure, Shell","HP+, Defense+, Gilfinder",Stroll,0,-25,0,25,0,25,0,-25,0,0,25,0,25,-25,25,-25,2,3,3,3,2,4
Chocobo,M,The Phantom Sands,Use Gysahl Greens,3,"Chocobo Kick, Raise","Strength+(x2), Agility+, Critical AP Hike",Joyride,0,-25,0,25,0,25,0,-25,0,0,25,0,25,-25,25,-25,3,4,1,4,3,4
Mecha Chocobo,L,The Coliseum,Inflict Berserk,5,"Choco MAX, Metal Salvo,Body Slam, Berserk, Charge","Strength++, Defense++, Overclock",Joyride,25,25,-100,50,-100,50,25,25,0,-25,0,0,25,-25,25,0,4,4,1,4,2,2
Black Chocochick,S,The Watchplains,Restore its HP,1,"Ram, Subdue, Haste","HP+, Defense+, Agility+(x2), Accuracy+, Evasion+, Flee, Unstacked Haste",Stroll,-50,0,0,50,0,50,-100,50,0,0,25,0,25,-25,25,-25,1,3,1,4,2,5
Hyperion,M,Memento ,None,3,"Chocobo Kick, Stretch Legs,  Breather","Strength+(x2), Agility+(x4), Initiative, SOS Haste",Joyride,-50,0,0,50,0,50,-100,50,0,0,25,0,25,-25,25,-25,2,5,1,2,2,5
White Chocobo,M,The Coliseum,Reduce its HP,3,"Chocobo Kick, Cure, Raise, Banish","HP+, Strength+, Defense+(x2), Magic+(x2), Magic Defense+, Agility+(x3), Accuracy+, Evasion+, Critical+, Critical AP Hike",Joyride,-25,-25,-25,25,25,25,25,-25,0,0,25,0,25,-25,25,-25,2,3,2,3,2,4
Sylph,S,Story,Reduce its HP,1,"Whisperwind, Subdue, Renew, Balance, Tickle","Magic+, Magic Defense+(x2), Agility+(x2), Evasion+, Enhanced Cure ",,0,-50,0,50,0,0,50,-50,-25,50,25,-25,25,-25,-25,0,2,3,1,2,5,5
Siren,L,Memento ,None,5,"Silent Voice, Cura, Balancega, Lullaby","HP++, Magic++, Magic Defense+(x2), Agility+, Evasion+(x2), Endless Blessings",,0,-25,0,25,0,0,50,-50,-25,50,25,-25,25,-25,-25,0,3,3,2,2,4,4
Serafie,S,Story,None,2,"Aero, Balance, Tickle, Confuse","HP+, Magic+(x2), Magic Defense+, Agility+(x2), Accuracy+, Evasion+, Pharmacology",,0,-25,0,25,0,0,50,-50,-25,50,25,-25,25,-25,-25,0,2,2,3,2,4,5
Diva Serafie,L,Memento ,None,5,"Silent Voice, Aerora, Haste, Reflect, Balancega","HP++, Magic+, Magic++, Magic Defense+, Agility++, Evasion+, Auto-Phoenix",,0,-50,0,75,0,0,0,-25,-25,50,25,-25,25,-25,-25,0,3,2,3,2,4,4
2P Serafie,S,The Coliseum,Evade an Attack,2,"Tickle, Water, Aero, Restore, Balance","HP+(x2), Strength+, Defense+(x2), Magic+(x2), Magic Defense+, Agility+(x2), Accuracy+(x2), Evasion+, Critical+, Pharmacology, Enhanced Cure",,-50,50,-25,25,50,-50,50,-50,-25,50,25,-25,25,-25,-25,0,2,2,2,2,3,4
Mu,S,"Wellspring Woods, Pyreglow Forest",Physical Attack,3,"Subdue, Regen, Libra, Punch","Agility+, First Strike",Stroll,-25,0,-25,25,0,25,0,0,0,0,0,0,-25,-25,0,25,3,3,3,3,2,4
Skull Eater,M,The Train Graveyard,Cast Regen,5,"Incisors, Bravery","HP+, Strength+(x2), Critical+(x2), Enhanced Criticals, Element Absorber",,0,0,0,0,0,0,0,0,0,0,0,0,-25,-25,0,25,1,4,2,5,5,2
Carbuncle,M,The Coliseum,Reflect Magic,5,"Ruby Light,  Shining Ruby, Bypass Reflect","Magic++, Magic Defense+, Magic Defense++, Agility+, Evasion+, Bypass Reflect",,0,0,0,0,0,0,50,-50,0,0,0,0,-25,-25,0,25,2,1,5,1,5,2
Reaver Mu,S,Pyreglow Forest,Fire Attacks,3,"Subdue, Lethean Punch","HP+, Strength+, Agility+, Accuracy+, Stabilizer",Stroll,-50,0,-25,25,50,0,0,0,-25,-25,0,0,25,-25,0,25,2,3,3,3,2,4
Nut Eater,M,"The Windswept Mire, The Phantom Sands",Cast Enhancement Magic,5,"Incisors, Frenzy Walnut, Strength+, Agility+, Accuracy+, Critical+(x2), Enhanced Criticals, Ailment Regen",,,-50,0,-25,25,50,0,0,0,-25,-25,0,0,25,-25,0,25,4,3,1,5,5,1
Topaz Carbuncle,M,The Coliseum,Reduce its HP,5,"Protect, Topaz Light, Shining Topaz","Strength+, Magic++, Magic Defense+, Magic Defense++",,0,0,0,-50,0,50,0,0,-25,-25,0,0,25,-25,0,25,1,1,5,3,5,1
Goblin,M,"The Watchplains, Castle Exnine",Reduce its HP,4,"Shell, Goblin Punch"," HP+, Strength+, Defense+, Accuracy+, Critical+, Auto-Potion",,25,0,0,0,-25,25,-25,0,-25,-25,0,25,25,-25,25,0,3,4,1,4,2,4
Goblin Guard,M,"The Watchplains, Castle Exnine",Cast Protect,5,"Protect, Slash, Flash","HP+, Strength+, Defense+, Magic+, Cover",,25,0,0,0,-25,25,-25,0,-25,-25,0,25,25,-25,25,0,5,2,1,5,1,3
Princess Goblin,M,Memento ,None,4,"Cura, Esuna, Raise, Princess's Charm","HP++, Strength++, Defense+, Expendable Ribbon, Auto-Phoenix",,25,0,0,0,-25,25,-25,0,-25,-25,0,25,25,-25,25,0,3,3,3,3,3,3
Red Cap,M,"The Watchplains, The Chainroad",Deal a lot of damage at once ,4,"Subdue, Haste, Goblin Eye Gouge","HP+, Strength+, Agility+(x2), Accuracy+(x2), Evasion+(x2), First Strike",,50,0,0,0,-50,25,-25,0,-25,-25,0,25,25,-25,25,0,3,3,1,3,2,5
Red Captain,M,"The Watchplains, The Chainroad",Inflict Confusion,5,"Fire, Slash, Restore, Triumphant Shout","HP++, Strength++, Defense+, Magic+, Critical+, Pharmacology, Victory Charge",Sizzle,50,0,0,0,-50,25,-25,0,-25,-25,0,25,25,-25,25,0,3,4,3,3,1,4
Mandragora,S,"The Nether Nebula, The Watchplains",Physical Attack,2,"Leaf Dagger, Sleep Leaves","HP+(x2), Strength+, Defense+, Agility+, Accuracy+, Evasion+, Photosynthesis, Poisontouch, ",Stroll,-50,0,0,-25,25,50,0,0,25,25,0,25,-25,25,-25,-25,2,3,3,3,2,5
Malboro,L,The Windswept Mire,Inflict Status ailment,6,"Bad Breath, Tentacle","HP+, HP++, Strength++, Defense+, Magic+, Accuracy+, Critical+, Critical Guard, Entropy, ",Joyride,-50,0,0,0,0,50,0,0,25,25,0,25,-25,25,-25,-25,5,4,2,2,2,2
Korrigan,S,"Valley Seven, Castle Exnine",Inflict Sleep,2,"Ram, Leaf Dagger, Scream","HP+, Strength+(x2), Agility+, Accuracy+, Evasion+(x2), Phaeosynthesis",Stroll,-50,0,0,-25,25,50,-25,25,25,25,0,25,-25,25,-25,-25,2,3,3,3,2,5
Malboro Menace,L,The Windswept Mire,Inflict Status ailment,6,"Tentacle, Putrid Breath","HP++(x2), Strength++, Defense+, Magic Defense+, Accuracy+(x2), Initial AP Hike, Endless NightMare",Joyride,-50,0,0,0,0,50,-25,25,25,25,0,25,-25,25,-25,-25,5,5,2,2,3,2
Copper Gnome,M,"The Nether Nebula, The Dragon Scars",Reduce its HP,5,"Protect, Throw Stone, Double Smash","HP+(x2), Defense+, Accuracy+, Induration",,0,0,-50,-25,25,50,0,0,50,0,-25,25,-50,-25,25,0,4,3,2,4,2,3
Mythril Giant,L,"Big Bridge, Castle Exnine",Cast Enhancement Magic,6,"Shell, Sling","HP+, Strength++, Critical+, Stabilizer, Victory Charge",Smash,0,0,-50,-25,25,50,0,0,50,-25,-25,25,-50,-25,50,0,5,2,2,4,2,2
Iron Giant,XL,Big Bridge,Cast Enhancement Magic,,"Grand Sword, Mighty Guard","HP++, Strength++(x2), Defense+, Accuracy+, Critical+, Invincible",,0,0,-50,-25,25,50,0,0,50,50,-25,50,-50,-25,50,50,5,5,2,5,4,2
Lead Gnome,M,"Valley Seven, The Chainroad",Cast shell,5,"Body Slam, Throw Stone","HP+(x2), Strength+, Defense+(x2), Magic+, Magic Defense+, Accuracy+, Expendable Ribbon, Poisontouch",,-50,0,-50,25,25,50,0,0,50,-25,-25,25,-50,-25,50,0,4,2,2,4,2,3
Chrome Giant,L,The Train Graveyard,Evade an Attack,7,"Bio, Protect, Sling","HP++, Strength+, Strength++, Defense+, Magic Defense+, Critical++, Unstacked Guard, Auto-Shell",Smash,25,0,-25,0,25,25,0,-50,50,0,-50,25,-25,-25,25,0,5,2,1,5,3,3
Mini Golem,S,"The Nether Nebula, The Dragon Scars",Physical Attack,3,"Body Slam, Throw Stone, Balance, Shake","HP+(x3), Strength+, Defense+(x3), Magic Defense+(x2), Agility+, Accuracy+, Accuracy+, Critical+(x2), Equilibrium",,0,0,0,-25,0,25,0,0,0,0,0,0,-50,25,25,0,1,4,2,4,2,3
Water Golem,S,The Crystal Tower,Deal a lot of damage at once ,3,"Subdue, Water, Watera, Shell, Bile, Restore","HP+, Defense+(x2), Magic+(x4), Magic Defense+, Agility+, Accuracy+(x2), Resist Stun, Gelatinous Body",,0,0,-50,0,50,0,0,0,0,0,0,0,-50,25,25,0,1,4,3,4,2,3
Golem Head,S,The Coliseum,Inflict DEF ↓,3,"Aero, Aerora, Sleep, Double Smash","HP+, HP+, Strength+, Defense+, Magic+(x2), Magic Defense+, Agility+(x2), Accuracy+, Evasion+, Critical+(x3), Enhanced Wind",,0,0,0,-25,0,25,0,0,0,25,0,0,-25,-25,25,0,1,4,2,4,4,3
Floating Eye,M,"The Nether Nebula, Saronia Docks",Last Mirage Standing,3,"Dark, Ultimate Focus, Hypnosis","HP+(x2), Magic+(x2), Magic Defense+(x2), Accuracy+, Ailment AP Boost",Flutter,0,0,0,-25,0,0,-25,50,-25,50,25,-25,25,25,-25,-25,2,2,5,2,4,3
Ahriman,L,Saronia Docks,Inflict Blind,5,"Aerora, Gaze, Rake, Bewitching Gaze, Circumvent","HP+(x2), Magic+, Magic++, Magic Defense+, Accuracy++, Endless Nightmare",,0,0,0,-25,0,0,-25,50,-25,50,25,-25,25,25,-25,-25,3,2,5,2,5,2
Blood Eye,M,"The Dragon Scars, Valley Seven",Last Mirage Standing,3,"Fire, Gaze, Lethean Gaze","HP+, Magic+(x2), Magic Defense+, Accuracy+, Evasion+(x2), Blaze Spikes",Flutter,25,25,0,0,-50,0,-50,50,-25,50,25,-25,25,25,-25,-25,2,2,4,2,4,3
Buer,L,The Coliseum,Inflict Confusion,5,"Fira, Reflect, Accursed Gaze, Track","HP+, Strength+, Magic+, Magic++, Magic Defense+, Evasion+, SOS Magic Boost, Endless Nightmare",,75,25,0,0,-75,0,-50,25,-25,50,25,-25,25,25,-25,-25,3,2,5,2,4,3
Fritt,S,The Nether Nebula,Fire Attacks,2,"Fire, Blaze, Punch","Strength+, Magic+, Enhanced Fire","Sizzle, Stroll",100,-50,0,0,-50,0,0,0,0,25,0,0,0,-25,0,0,1,4,4,3,3,3
Affrite,M,Transfiguration,None,4,Fire,"Strength+, Defense+, Magic+, Accuracy+, Critical+, Fire Converter",,100,-50,0,0,-50,0,0,0,0,25,0,0,0,-25,0,0,2,4,5,3,1,3
Ifrit,L,Ifrit Memento,None,6,Hellfire,"HP++, Strength+, Strength++, Magic++, Accuracy+, Critical++, Counter, Blaze Spikes",,150,-100,0,0,-50,0,0,0,0,25,0,0,0,-25,0,0,4,4,4,2,2,2
Ifreeta,L,Ifreeta Momento,None,5,"Firaga, Crimson Cyclone","Strength+, Strength++, Magic+, Magic++, Magic Defense+, Accuracy+, Enhanced Fire",,150,-100,0,0,-50,0,0,0,0,25,0,0,0,-25,0,0,3,4,5,2,1,3
Weeglee,S,EX Dungeon C,Fire Attacks,1,"Fire, Punch","Strength+(x2), Magic+, Enhanced Fire","Sizzle, Stroll",100,-100,0,0,0,0,-50,50,0,25,0,0,0,-25,0,0,3,3,3,3,3,3
Gleed,M,Gleed Memento,None,5,"Fira, Abyss","HP+, Strength+, Magic+, Accuracy+, Critical +, Fire Converter",,100,-100,0,0,0,0,-50,50,0,25,0,0,0,-25,0,0,3,3,3,3,3,3
Gleefrit,L,Gleefrit Memento,none,3,"Hellfire, HP++, Strength++, Magic++, Accuracy+, Evasion+, Critical+, Counter, Blaze Spikes",,,100,-100,0,0,0,0,-50,50,0,25,0,0,0,-25,0,0,4,3,3,3,3,3
Bablizz,S,The Nether Nebula,Ice Attacks,2,"Blizzard, Ice Storm","HP+, Magic+, Magic Defense+, Enhanced Ice","Chill, Stroll",-100,100,0,50,0,0,0,-50,0,0,25,0,0,0,-25,0,3,1,4,3,3,4
Mishiva,M,Transfiguration,None,4,"Blizzara, Slow","Magic+, Magic+, Agility+, Evasion+, Ice Converter",,-100,100,0,50,0,0,0,-50,0,0,25,0,0,0,-25,0,3,1,4,3,3,3
Shiva ,L,Shiva Memento,None,5,"Diamond Dust, Sleep","HP+, Magic+, Magic++, Magic Defense+, Agility+, Accuracy+, Ice Spikes",,-100,100,0,50,0,0,0,-100,0,0,25,0,0,0,-25,0,4,1,4,3,3,3
Shivalry,L,Shivalry Memento,None,5,"Blizzaga, Deep Freeze","HP+, Strength++, Defense+, Magic+, Accuracy+, Critical+, Enhanced Ice",,-100,150,0,50,0,0,0,-100,0,0,25,0,0,0,-25,0,4,4,4,3,1,2
Brrblizz,S,EX Dungeon A,Ice Attacks,1,Blizzard,"Magic+(x2), Magic Defense+, Evasion+, Enhanced Ice","Chill, Stroll",-50,100,-50,0,0,0,-50,50,0,0,25,0,0,0,-25,0,3,3,3,3,3,3
Shivverina,M,Shivverina Memento,None,3,"Blizzara, Abyss","Strength+, Magic+(x2), Agility+, Accuracy+, Ice Converter",,-50,100,-50,0,0,0,-50,50,0,0,25,0,0,0,-25,0,3,1,4,3,3,3
Shivver,L,Shivver Memento,None,5,"Diamond Dust, Sleep","HP++, Magic+(x2), Magic Defense+, Evasion+(x2), Ice Spikes",,-50,100,-50,50,-50,0,-50,50,0,0,25,0,0,0,-25,0,4,3,3,2,3,3
Zapt,S,The Nether Nebula,Thunder Attacks,2,"Thunder, Shell, Thunderbolt","Magic+, Agility+, Enhanced Thunder","Zap, Stroll",0,0,100,0,50,-100,0,-50,0,0,0,0,-25,0,25,0,1,1,5,3,3,5
Zaphr,M,Transfiguration,None,4,"Thundara, Regen","HP+, Strength+, Magic+, Agility+, Thunder Converter",,0,0,100,0,50,-100,0,-50,0,0,0,0,-25,0,25,0,1,2,5,3,3,4
Ramuh,L,Ramuh Memento,None,6,"Syphon, Judgement Bolt","HP+, Defense+, Magic++(x2), Magic Defense+, Accuracy+, Shock Spikes",,0,0,150,0,50,-100,0,-100,0,0,0,0,-25,0,25,0,3,1,4,3,3,4
Ramewl,L,Ramewl Memento,None,7,"Thundaga, Haste, Heaven's Wrath","HP+, Defense+, Magic+, Magic++, Critical+, Enhanced Thunder",,0,0,150,0,50,-100,0,-100,0,0,0,0,-25,0,25,0,3,1,4,3,3,4
Joult,S,EX Dungeon B,Thunder Attacks,1,"Thunder, Shell, Thunderbolt","HP+, Magic+(x2), Enhanced Thunder","Zap, Stroll",-50,-50,150,-50,50,-50,-50,50,0,0,0,0,-25,0,25,0,2,3,3,3,3,4
Voultr,M,Voultr Memento,None,3,"Thundara, Regen, Abyss","HP+, Magic+, Agility+, Thunder Converter",,-50,-50,150,-50,50,-50,-50,50,0,0,0,0,-25,0,25,0,3,3,3,2,3,4
Rairamuh,L,Rairamuh Memento,None,5,Judgement Bolt,"HP++, Magic+, Magic++, Magic Defense+, Agility+, Accuracy+. Evasion+, Shock Spikes",,-50,-50,150,-50,50,-50,-50,50,0,0,0,0,-25,0,25,0,3,3,3,3,3,4
White Nakk,S,Icicle Ridge,Ice Attacks,3,"Gnaw, Howl","Strength+(x2), Agility+, Evasion+, Poisontouch",Stroll,-50,50,0,0,0,0,0,0,0,-25,0,0,0,0,25,0,1,5,4,2,2,5
Fenrir,L,The Coliseum,Reduce its HP,6,"Ice Storm, Howling Moon, Sled Fang","Magic+, Agility+, Critical+, First Strike",Joyride,-50,50,0,0,0,0,0,0,0,-25,0,0,0,0,25,0,3,4,3,2,2,4
Cerberus,XL,The Dragon Scars,Fire/Ice/Thunder Attacks,,"Blaze, Ice Storm, Thunderbolt, Sonic Fangs","HP++, Strength++, Magic++, Accuracy++, Assault",,25,25,25,0,0,0,-100,25,100,-25,-50,50,0,-25,50,50,5,5,5,2,4,5
Black Nakk,S,"The Watchplains, Valley Seven",Physical Attack,3,Red Fang,"HP+, Strength+(x2), Defense+, Agility+, Evasion+(x2), Assault, Vigilance","Sizzle, Stroll",50,-25,0,0,-50,0,-25,50,-25,-25,0,0,-25,0,25,25,2,3,3,2,3,4
Elefenrir,L,Elefenrir Memento,None,6,"Blaze, Dark, Eclipse Bite","HP++, Strength+, Agility+, Accuracy+, Critical+, Critical++, Enhanced Criticals, Critical AP Hike",Joyride,50,0,0,0,0,0,-200,150,-25,-25,0,0,-25,0,25,25,3,3,3,3,3,3
Babyhemoth,M,"Pyreglow Forest, Icicle Ridge",Physical Attack,5,"Horn, Revenge","HP+, Strength+(x2), Defense+, Critical+, Counter",,0,0,25,0,25,0,0,-50,0,0,0,25,0,-25,0,0,4,4,2,2,2,3
Behemoth,L,Valley Seven,Reduce its HP,7,"Charge, Wild Horn","Strength+, Adrenaline, Stabilizer, Heavy Counter",Joyride,0,0,25,0,25,0,0,-50,0,0,0,25,0,-25,0,0,5,4,2,2,2,2
Behemonster,XL,Castle Exnine,Physical Attack,,"Heave, Meteor Counterstance","HP++, Strength++, Defense++, Magic+, Critical++, Cornered Beast, Last Stand",,0,0,25,0,25,0,0,-50,-25,50,50,25,50,-25,25,25,5,5,5,5,3,2
Kuza Kit,M,Big Bridge,Counterattack,5,"Thunder, Aero, Drain, Horn","HP+(x2), Strength+(x2), Defense+, Magic+(x2), Magic Counter",,0,0,50,0,25,-50,0,-25,0,0,0,25,0,-25,0,0,4,4,3,3,3,1
Kuza Beast,L,"The Crystal Tower, Castle Exnine",Counterattack,7,"Thundara, Charge, Thunder Horn","HP++, Defense+, Magic+, Magic Defense+, Critical+, Adrenaline, Stabilizer, Heavy Magic Counter",Joyride,0,0,50,0,25,-50,0,-25,0,0,0,25,0,-25,0,0,4,4,3,3,3,1
Dark Behemoth,L,The Coliseum,Physical Attack,7,"Regen, Bravery, Revenge Blast, Wild Horn, Banishra","HP+, Strength+(x3), Defense+, Magic+(x2), Agility+, Accuracy+, Critical+, Adrenaline, Stabilizer, Heavy Counter",Joyride,-25,0,25,0,0,0,-75,75,0,0,25,50,0,-50,-25,0,4,3,2,2,2,2
Moogle,S,"Pyreglow Forest, Crystal Tower",Restore its HP,1,"Libra, Forest Nocturne, Wind Rhapsody","HP+, Magic+(x2), Agility+, Evasion+, Enhanced Cure","Flutter, Stroll",0,-25,0,25,0,0,25,-25,-25,25,-25,0,25,25,25,-25,3,3,3,3,3,3
Kupirate,S,Saronia Docks,Reduce its HP,1,"Water Harmony, Snowman Rondo, Triumphant Shout","HP+(x2), Strength+, Magic+, Magic Defense+, Agility+, Accuracy+, Evasion+, Critical+, Pharmacology",,0,25,-50,-25,50,0,0,0,-25,25,-25,0,25,25,25,-25,2,3,4,3,3,3
Kupicaroon,S,Saronia Docks,Inflict Berserk,1,"Subdue, Water, Shell, Kuparrr!","HP+, Strength+, Defense+, Magic+, Agility+, Accuracy+, Auto-Potion",,0,25,-50,-25,50,0,0,0,-25,25,-25,0,25,25,25,-25,2,3,4,3,3,3
Glow Moogle,S,The Coliseum,Restore its HP,1,"Forest Nocturne, Balancega, Love Serenade","HP+, Magic+, Agility+, SOS Ribbon, Auto-Hi-Potion, Victory Charge","Flutter, Stroll",0,-25,0,50,0,0,75,-75,-25,25,-25,0,25,25,25,-25,2,3,4,3,3,3
Deathskull,M,"Pyreglow Forest, Icicle Ridge",Inflict Oblivion,3,"Blizzard, Syphon, Dark, Hypnosis","HP+, Strength+, Magic+(x2), Magic Defense+, Accuracy+, Evasion+, Revivify",,-50,50,0,-25,0,25,-50,50,0,-25,-25,0,-25,25,-50,50,3,1,4,2,5,3
Undead Princess,L,Undead Princess Memento,None,5,"Slow, Possession Rush, Dread Gaze","HP+, Strength++, Defense+, Magic+, Magic++, Accuracy+, Critical+, Dark Converter, Reaper Lore",,-25,25,0,0,0,0,-50,50,0,-25,-25,0,-25,25,-50,50,3,3,4,2,4,1
Mordskull,M,The Train Graveyard,Inflict Oblivion,3,"Quake, Bio, Death, Throw Stone, Quicksand","HP+(x2), Strength+(x2), Defense+, Magic+(x3), Magic Defense+, Agility+, Accuracy+, Evasion+, Critical+, Revivify",,-25,25,0,-75,0,75,-50,50,0,-25,-25,0,-25,25,-50,50,3,2,5,1,5,3
Metalliskull,M,The Coliseum,Inflict Oblivion,5,"Thunder, Slash, Random Shock","HP+(x2), Strength+(x2), Defense+(x2), magic+(x2), Magic Defense+, Accuracy+(x2), Evasion+, Critical+(x2), Metallic Body, Shock Spikes",,-25,25,0,-75,0,75,-50,50,-50,25,-25,-25,-25,25,-25,50,2,2,4,4,2,3
Right Claw,L,"Pyreglow Forest, Icicle Ridge",Reduce its HP,6,"Subdue, Bravery, Poison Nails, Right Claw, Cat Claw","HP+(x2), Strength+, Defense+(x2), Magic Defense+, Agility+, Accuracy+(x2), Evasion+, Critical+(x2), Sync Left Claw, No Escape",Joyride,25,-25,25,25,-25,-25,25,-25,25,0,25,0,-25,-25,0,0,3,4,2,4,2,2
Left Claw,L,"Icicle Ridge, Big Bridge",Reduce its HP,6,"Reflect, Left Claw, Draining Claw, Impact Claw","HP+(x2), Strength+(x3), Defense+(x2), Magic+, Magic Defense+(x2), Agility+, Accuracy+, Critical+(x2), Sync Right Claw, Treasure Hunter",,-25,25,-25,-25,25,25,-25,25,25,0,25,0,-25,-25,0,0,3,4,2,4,2,2
Cockatrice,M,Pyreglow Forest,Physical Attack,3,"Fire, Esuna, Death Beak","HP+, Strength+, Magic+, Magic Defense+, Agility+, Accuracy+, Evasion+, Safety Bit",Sizzle,50,25,0,0,-25,0,25,-50,25,-25,-25,0,0,0,-25,25,1,3,2,4,4,4
Valefor,L,The Coliseum,Earth Attacks,5,"Whirlwind, Energy Ray, Sonic Wings","HP+, Strength+, Magic++, Agility+, Agility++, Accuracy+, Evasion+, Enhanced Wind, Strategic AP Hike",,0,-50,0,50,0,0,25,-25,25,0,0,0,0,0,-25,0,3,3,3,3,3,4
Cocadrille,M,"Valley Seven, The Phantom Sands",Inflict Poison,3,"Aero, Chaos Beak, Esunaga","HP+, Strength+, Defense+, Magic+(x2), Magic Defense+, Agility+, Accuracy+, Safety Bit",,25,0,0,-25,0,0,50,-50,0,25,-25,-25,0,0,-25,25,4,1,1,5,5,3
Nirvalefor,L,Nirvalefor Memento,None,5,"Blaze, Energy Ray, Sonic Wings","HP+, Strength+, Magic++, Magic Defense+, Agility++, Evasion+, Critical+, Enhanced Fire, Strategic AP Hike",,25,0,0,-25,0,0,50,-50,0,0,0,0,0,0,0,0,2,2,2,4,4,4
Dualizard,M,"Pyreglow Forest, Saronia Docks",Reduce its HP,5,"Water, Double Attack, Poison Bite","Strength+(x2), Magic+, Accuracy+, Water Converter",,0,-50,0,75,0,-25,0,0,25,0,25,-25,25,0,0,-25,2,4,4,2,2,3
Trihyde,L,The Chainroad,Deal a lot of damage at once ,7,"Thunder, Acid Fang, Triple Attack","HP+, Strength+, Magic+, Critical+, Wind Converter",,0,-50,0,75,0,-25,0,0,25,0,25,-25,25,0,0,-25,3,5,5,1,3,2
Tiamat,L,The Coliseum,Inflict Oblivion,7,"Thunderbolt, Jet Fire, Acid Mist","HP++, Strength+, Magic++, Accuracy++, Critical+, Enhanced Wind",,0,-50,0,75,-50,25,0,0,25,0,25,-25,25,0,0,-25,3,4,4,2,2,2
Bihydra,M,"The Dragons Scars, Mako Reactor",Last Mirage Standing,5,"Fire, Double Attack, Poison Bite","HP+, Strength+(x2), Magic+, Fire Converter",,50,-25,0,25,-50,0,0,0,25,0,25,-25,25,0,0,-25,2,5,4,2,2,3
Ghidra,L,The Crystal Tower,Reduce its HP,7,"Triple Attack, Mage Masher, Swordbreaker","HP+, Strength+, Accuracy+, Critical+, Blaze Spikes",,50,-25,0,25,-50,0,0,0,25,0,25,-25,25,0,0,-25,2,5,4,3,2,2
Nidhogg,L,The Coliseum,Inflict Oblivion,7,"Lust Dagger, Assassin's Dagger, Fira","HP++, Strength++, Magic+, Accuracy+",,50,-25,0,25,-50,0,0,0,25,0,25,-25,25,0,0,-25,4,4,4,1,2,2
Cactuar,S,The Phantom Sands,Inflict Slow,1,1000 Needles ,"Strength+, Agility+(x2), Accuracy+, Evasion+(x2), Unstacked Evasion+, Needle Thrift, Flee",Stroll,-25,-25,0,0,25,25,0,0,0,25,25,25,0,25,-50,-25,2,3,3,3,3,5
Gigantuar,L,Mako Reactor,Critical Hits,5,"Thousands of Needles, HP+, HP++(x2), Strength+(x2), Accuracy+, Evasion+, Needle Thrift(x2), Photosynthesis, Gilfinder",,,-25,-25,0,0,25,25,0,0,0,25,25,25,0,25,-50,-25,5,2,2,2,3,4
Cactrot,S,Pyreglow Forest,Reduce its HP,1,100 Meedles," Agility+(x2), Evasion+(x2), Critical+, Unstacked Evasion+, Extra Needles(x3), Flee",Stroll,-25,-25,0,0,25,25,0,0,0,25,25,25,0,25,-50,-25,2,3,3,3,3,5
Gigantrot,L,Mako Reactor,Cast Haste,5,Thousands of Meedles,"HP+, HP++, Strength+, Strength++, Defense+, Agility+, Critical+, Extra Needles(x2), Photosynthesis, Treasure Hunter",,-25,-25,0,0,25,25,0,0,0,25,25,25,0,25,-50,-25,5,2,1,3,3,4
Cactuar Johnny,M,The Coliseum,Reduce its HP,1,1000 Needles,"Strength+(x3), Defense+(x2), Magic Defense+, Agility+, Accuracy+(x2), Evasion+(x2), Critical+(x2), Flee",Stroll,-25,-25,0,0,25,25,0,0,0,25,25,25,0,25,-50,-25,2,2,2,2,2,4
Magic Pot,S,Big Bridge,Use Elixir,1,"Curaga, Libra, Balance","HP+, Accuracy+, Gimme an Elixir!, Last Stand, Vigilance",,25,25,25,25,25,25,25,-175,25,0,25,-50,-25,25,-50,25,2,2,2,5,4,3
Mimic,M,Transfiguration,Reduce its HP,5,"Death, Protect, Arcane Counterstance, Armor Piercer","No Escape, Counter, First Strike",,0,0,0,0,0,0,0,0,25,0,25,-50,-25,25,-50,25,4,2,2,4,5,2
Mimic Queen ,L,Mimic Queen Memento,None,6,"Thunderbolt, Gaze, Miraculous Drill","HP++, Strength+(x2), Defense+, Magic Defense+, Counter",,0,0,50,0,0,0,-50,0,25,0,25,-50,-25,25,-50,25,5,1,2,4,4,2
Magic Jar,S,Pyreglow Forest,Use Elixir,1,"Syphon, Reflect, Balance","HP+, Defense+(x2), Magic+, Magic Defense+, Accuracy+, SOS Ribbon, Gimme an Elixir!, Gilfinder",,50,50,50,50,50,50,-150,-150,25,0,25,-50,-25,25,-50,25,2,2,3,4,4,3
Mimic Jackpot,M,Transfiguration,Reduce its HP,5,"Death, Protect, Armor Piercer","HP++, Strength++, Defense+, Magic Defense+, Accuracy+, Critical+, No Escape, Counter, Treasure Hunter",,0,0,0,0,0,0,0,0,25,0,25,-50,-25,25,-50,25,5,1,2,5,5,1
Kobold Mimic,M,The Coliseum,Reduce its HP,5,"Armor Piercer, Ranged Counterstance, Protect, Bravery, Death","HP+(x2), Strength+(x3), Magic+(x2), Accuracy+(x2), Critical+(x3), No Escape, Counter",,0,0,0,0,0,0,0,0,25,0,25,-50,-25,25,-50,25,3,2,2,3,4,2
Quacho,S,The Sunken Temple,Restore its HP,2,"Water, Watera","HP+, Strength+, Magic+(x2), Magic Defense+, Agility+, Evasion+, Rage Bomber",Stroll,0,25,-50,0,50,0,25,-50,-25,-25,25,0,25,25,25,-25,4,2,2,1,4,5
Quacho Queen,L,The Coliseum,Restore its HP,6,"Blizzaga, Waterga, Cura, Sweet Breath","HP+, Defense+, Magic+, Magic++, Magic Defense++, Agility+, Accuracy+, Enhanced Cure, Extreme Bomber",,0,25,-50,0,50,0,25,-25,-25,-25,25,0,25,25,25,-25,3,2,4,1,5,3
Quachacho,S,"Icicle Ridge, The Sunken Temple",Restore its HP,2,"Double Smash, Blizzard, Ice Storm, Yawn","HP+(x2), Strength+, Defense+, Magic+(x2), Magic Defense+, Agility+, Accuracy+, Evasion+(x2), Critical+, Enhanced Ice, Induration","Stroll, Chill",-75,50,0,0,25,0,25,-25,-25,-25,25,0,25,25,25,-25,1,4,2,2,5,4
Baby Tonberry,S,Big Bridge ,Physical Attack,2,"Petty Grudge, Water","HP+, Defense+(x2), Accuracy+, Enhanced Criticals",Stroll,0,0,-50,0,50,0,-25,25,25,-25,0,25,0,25,0,-25,1,2,3,4,4,3
Tonberry ,M,The Sunken Temple,Deal a lot of damage at once ,4,"Knife, Bravery","Strength+, Accuracy+, Critical+(x2), Pharmacology, Enhanced Criticals",,0,0,-50,0,50,0,-25,25,25,-25,0,25,0,25,0,-25,2,2,2,4,4,3
Tonberry King,L,The Coliseum,Reduce its HP,6,"Everyone's Grudge, Watera","HP++, Strength++, Defense+, Agility+, Critical++, Enhanced Criticals, Critical AP Hike",,0,0,-50,0,50,0,-50,50,25,-25,0,25,0,25,0,-25,3,2,2,4,4,2
Baby Paleberry,S,Icicle Ridge,Physical Attack,2,"Petty Grudge, Blizzard, Banish","HP+, Magic+, Magic Defense+, Strategic AP Hike",Stroll,-50,50,0,0,0,0,25,-25,25,-25,0,25,0,25,0,-25,4,2,2,4,4,3
Paleberry,M,The Crystal Tower,Light Attacks,4,"Knife, Banishra","Defense+, Magic+, Accuracy+(x2), Critical+, Enhanced Light",,-50,50,0,0,0,0,25,-25,25,-25,0,25,0,25,0,-25,4,1,1,4,4,3
Paleberry King,L,The Chainroad,Critical Hits,6,"Everyone's Grudge, Blizzara, Holy","HP+, Strength++, Magic+, Magic++, Critical+, Light Converter",,-50,50,0,0,0,0,50,-50,25,-25,0,25,0,25,0,-25,4,2,2,4,4,2
Red Bonnetberry,S,The Coliseum,Reduce its HP,2,"Petty Grudge, Fire, Watera, Bravery","HP+(x2), Strength+(x3), Magic+, Magic Defense+, Agility+, Accuracy+(x2), Critical+(x2), Pharmacology, Enhanced Criticals",Stroll,25,0,0,0,0,-50,75,-50,25,-25,0,25,0,25,0,-25,1,2,3,3,3,3
Werebat,S,"Mako Reactor, The Train Graveyard",Inflict Blind,1,"Ultrasonics, Leech","Magic+, Agility+, Evasion+(x2), Unstacked Evasion+, Evade & Counter",,0,0,0,25,-25,0,-50,50,0,-50,-25,0,0,25,0,25,1,2,5,2,3,5
Vampire,M,The Train Graveyard,Dark Attacks,4,"Punch, Bloodfang, Absorb-MAG","HP+, Strength+, Defense+, Magic Defense+, Evasion+",,0,0,0,25,-25,0,-50,50,0,0,-25,0,0,25,-50,25,1,4,2,4,5,3
Vampire Prime,L,The Coliseum,Light Attacks,5,"Dark Mysteries, Berserk, Sleep","HP++, Magic++, Evasion+, No Escape, Draintouch, Revivify",,0,0,0,25,-25,0,-50,50,0,0,-25,0,0,25,-50,25,2,3,3,3,3,3
Ice Bat,S,"Icicle Ridge, The Train Graveyard",Inflict Blind,1,"Blizzard, Drain, Ultrasonics","HP+, Strength+, Magic+(x2), Agility+, Evasion+(x2), Third Eye, Unstacked Evasion+",,-50,50,0,0,0,0,-50,50,0,-50,-25,0,0,25,0,25,2,2,4,2,2,4
Demivampire,M,"The Train Graveyard, Castle Exnine",Reflect Magic,4,"Punch, Blizzara, Syphon, Absorb-PHY","HP++, Strength+, Defense+, Magic++, Magic Defense+, Evasion++, Critical+, Dread Spikes",,-50,50,0,0,0,0,-50,50,0,0,-25,0,0,25,-50,25,2,4,2,4,4,2
Mini Flan,S,"Saronia Docks, The Windswept Mire, The Coliseum",Physical Attack,3,"Water, Sticky Goo, Balance","Defense+, Magic+, Magic Defense+, Agility+, Gelatinous Body",,-50,50,0,0,0,0,0,0,25,-25,0,25,0,25,0,-25,2,3,3,5,1,4
Flan,M,The Windswept Mire,Physical Attack,5,"Thunder, Aero, Bile","HP+, Strength+, Magic+, Resist Stun",Joyride,0,0,-50,0,50,0,0,0,25,-25,0,25,0,25,0,-25,3,3,3,5,1,3
Flan Princess,M,The Windswept Mire,Battle with one party member,5,"Dance with Me!, Blizzara, dark, Cura","HP+(x2), Defense+, Magic+, Magic Defense+, Celestriad",,50,0,0,0,-50,0,0,0,0,-25,-25,-25,25,25,-25,25,3,3,3,5,1,3
Kaguya Flan,M,The Coliseum,Physical Attack,5,"Dance with Me!, Blizzara, Thundara, Aerora, Curaga, Arise, Faith","HP+(x2), Strength+, Magic+(x2), Magic Defense+(x3), Accuracy+, Evasion+, Resist Stun, Gelatinous Body, Revivify",,0,0,0,0,0,0,50,-50,25,-25,0,25,0,25,0,-25,3,3,3,5,1,3
Sharqual,M,"Saronia Docks, The Sunken Temple",Fire Attacks,4,"Water, Waterspout","Strength+(x2), Accuracy+, Critical+, Assault",Joyride,25,0,-50,-25,50,0,0,0,0,25,-50,25,0,-25,25,0,1,4,2,2,4,4
Mega Sharqual,L,The Low Seas,Deal a lot of damage at once ,7,"Watera, Hydrotwister","HP++, Strength++, Critcal+(x2), Enhanced Criticals, Reteethe",,25,0,-50,-25,50,0,0,0,0,25,-50,25,0,-25,25,0,4,4,1,2,3,4
Bismarck ,XL,The Coliseum,Physical Attack,,"Crusher, Breach Blast","HP++, Strength+, Defense++, Magic+, Magic Defense+, Accuracy+, Sharkskin",,25,0,-50,-25,50,0,0,0,-25,-25,-25,100,0,25,50,50,5,5,2,4,4,5
Nightsqual,M,The Sunken Temple,Inflict Sleep,4,"Water, Waterspout, Dark","HP+, Strength+(x2), Accuracy+(x2), Evasion+(x2), First Strike",Joyride,25,0,-50,0,25,0,-25,25,0,25,-50,25,0,-25,25,0,2,4,1,2,4,4
Mega Nightsqual,L,The Sunken Temple,Cast Bravery,7,"Watera, Hydrotwister, Whirlpool","HP+, HP++, Strength+(x3), Magic+, Agility+, Ambush, Reteethe",,25,0,-50,0,25,0,-25,25,0,25,-50,25,0,-25,25,0,4,4,2,1,3,4
Sea Snake,M,"The Low Seas, The Sunken Temple",Water Attacks,4,"Water, Spinning Fin","HP+, Strength+, Magic+(x2), Magic Defense+, Accuracy+, Evasion+, Critical+, Enhanced Water",,0,0,-50,0,50,0,0,0,0,-25,0,0,-25,0,0,25,2,1,4,4,5,3
Leviathan ,XL,Leviathan Memento,Defeat,,"Reaper, Tidal Wave","HP+(x2), Strength++, Defense+, Magic++(x2), Accuracy+, Critical+, Enhanced Water, Aqua Spikes",,25,0,-150,0,150,0,-25,0,-25,50,25,-25,85,25,-25,50,5,3,4,5,5,4
Sea Serpent,M,The Sunken Temple,Water Attacks,4,"Watera, Tsunami","HP+, Strength+, Defense+, Magic+(x2), Agility+, Evasion+, Antibodies, Water Converter",,0,0,-50,0,50,0,0,0,-50,25,25,-50,-50,25,25,25,2,1,4,4,5,3
Elasmos ,L,Castle Exnine,Deal a lot of damage at once ,7,"Waterga, Thunderstorm","HP+(x2), Strength+(x2), Defense+, Magic+(x2), Magic Defense+, Accuracy+, Critical+, Enhanced Water",,0,-100,50,50,50,0,0,0,0,-50,0,0,0,0,0,25,2,1,4,4,4,2
Minimantoise,S,The Low Seas,Reduce its HP,3,"Protect, Shell, Bask","HP+(x2), Strength+, Defense+(x2), Magic+, Magic Defense+, Critical Guard, Cover",,25,-25,-25,0,25,0,0,0,25,0,-50,-25,-25,25,0,25,1,1,2,5,5,3
Adamantoise,XL,"The Low Seas, EX Dungeon A",Inflict DEF ↓,,"Pressure, Temblor","HP++, Strength+(x2), Defense++, Magic Defense+, Magic Defense++, Accuracy+, Poison Counter, Auto-Protect, Auto-Shell",,25,-100,25,25,25,25,0,-25,50,25,-25,-25,-25,50,50,50,5,3,2,5,5,1
Flammantoise,S,Valley Seven,Fire Attacks,3,"Fire, Bask, Balance","HP+(x4), Strength+, Defense+(x3), Magic+(x2), Magic Defense+(x2), Accuracy+(x3), Critical+, Blaze Spikes",,75,-50,-50,0,-50,75,0,0,25,0,-25,-25,-25,0,0,25,1,3,2,4,5,3
Spark Dragon,M,"The Dragon Scars, Valley Seven",Inflict any ailment,3,"Thundara, Shocking Breath, Bravery","Shock Spikes, Thunder Converter",,0,0,100,-50,0,-50,0,0,25,-25,-25,0,0,0,25,0,2,2,4,4,2,3
Red Dragon,L,"The Dragon Scars, Valley Seven",Critical Hits,6,"Fira, Red Fang, Flare Stare, Fire Breath","HP++, Strength++, Defense+, Magic++, Accuracy+, Critical+, Blaze Spikes",Smash,100,-50,0,0,-50,0,0,0,25,-25,-25,0,0,0,25,0,4,4,2,4,2,2
Mist Dragon ,M,Underground Prison,Restore a lot of its HP at once,3,"Blizzard, Aero, Gentle Mist","HP+, Strength+, Defense+(x2), Magic+(x2), Evasion+(x2), Evade & Counter",,0,0,0,-50,50,0,0,0,25,-25,25,25,0,25,25,-50,2,3,4,4,2,3
Holy Dragon ,L,Icicle Ridge,Light Attacks,7,"Holy, Heavenly Wrath, Dispel, Flash","HP++, Strength++, Defense+, Magic+, Accuracy+, Critical+, Ailment Regen",Smash,0,0,0,0,0,0,50,-50,25,-25,25,25,0,25,25,-50,4,4,1,4,2,2
Sky Dragon,L,The Coliseum,Inflict any ailment,6,"Blizzara, Blizzaga, Ice Storm, Counterstance","HP+(x3), Strength+(x2), Defense+(x2), Magic+, Magic Defense+(x2), Critical+(x2), Enhanced Ice, Ice Spikes",,-50,50,25,50,-25,-50,25,-25,-25,25,25,-25,25,0,25,-25,3,3,2,3,2,2
Bombino,S,"Mako Reactor, Big Bridge",Inflict Confusion,3,"Cluster, Refueling","HP+, Strength+, Magic+, Evasion+, SOS Regen",Stroll,50,25,0,0,-75,0,0,0,25,-25,0,25,25,-25,25,-25,4,4,3,1,1,5
Bomb ,M,"Valley Seven, The Crystal Tower",Fire Attacks,4,"Fire, Focus, Self-Destruct","Strength+, Magic+, Evasion+, Enhanced Fire, Last Stand",Sizzle,50,25,0,0,-75,0,0,0,25,-25,0,25,25,-25,25,-25,2,5,3,2,3,3
King Bomb,L,The Coliseum,Reduce its HP,6,"Explode, Fira","HP+, HP++, Strength++, Magic+, Agility+, Fire Converter",,200,25,0,0,-75,0,0,0,25,-25,0,25,25,-25,25,-25,3,5,4,3,2,2
Phoenix,L,Valley Seven,Restore a lot of its HP at once,5,"Fira, Blaze, Flames of Rebirth, Raise","HP+(x3), Strength+, Defense+, Magic+(x2), Magic Defense+, Agility+(x2), Accuracy+, Evasion+, Critical+, Safety Bit, Fire Converter, SOS Regen",,50,0,0,0,-50,0,25,-25,-25,0,-25,-25,0,0,-25,50,3,2,1,4,4,3
Iris,L,The Coliseum,Reduce its HP,5,"Banishra, Cura, Arise, Faith, Balancega","HP+(x2), Strength+(x2), Defense+(x2), Magic+(x2), Magic Defense+, Agility+(x2), Accuracy+, Evasion+, Auto-Phoenix, Last Stand",,25,0,0,-25,0,0,50,-50,-50,0,-25,0,0,0,-25,50,3,2,2,4,4,3
Water Toad,S,The Windswept Mire,Inflict Berserk,3,"Water, Mind Madrigal, Ode of Oblivion","HP+(x2), Magic+(x2), Magic Defense+(x2), Agility+, Endless Blessings",Stroll,0,-25,-50,0,50,0,0,25,25,25,-25,0,25,0,0,-25,2,3,3,2,4,3
Lucky Toad,S,The Chainroad,Reduce its HP,3,"Subdue, Auspicious Theme, Balance","HP+, Magic+, Magic Defense+, Accuracy++, Evasion+(x2), Critical++, Treasure Hunter",Stroll,25,25,25,25,25,25,-175,25,25,25,-100,25,-25,25,25,0,2,3,3,3,4,3
Wind Toad,S,The Crystal Tower,Inflict Oblivion,3,"Subdue, Aero, Aerora, Lullaby, Haste, Mana's Paean","HP+, Strength+, Magic+(x3), Magic Defense+, Agility+(x2), Accuracy+, Evasion+(x2), Critical+, Enhanced Wind",,0,-75,0,50,25,0,0,0,25,25,-25,0,25,0,0,-25,1,3,3,3,4,3
Manticore,S,The Chainroad,Inflict Poison,3,"Venom Needle, Tickle, Fire","HP+, Strength+, Magic+, Accuracy+(x2), Evasion+, Critical+, Anaphylaxis",,25,0,0,0,-50,25,0,0,50,25,-25,-25,-25,0,-50,25,2,2,3,2,4,5
Sphinx,L,The Phantom Sands,Deal a lot of damage at once ,7,"Great Sandstorm, Bravery, Guardian Glow, Riddle","HP++, Strength+, Defense+, Magic++, Magic Defense++, Accuracy+, Cover, Stabilizer",,25,0,0,0,-50,25,25,-25,25,50,-25,0,-50,0,0,0,5,1,3,1,4,4
Sandicore,S,The Phantom Sands,Last Mirage Standing,3,"Venom Needle, Sandstorm, Tickle","HP+, Strength+, Defense+(x2), Magic+, Agility+(x2), Evasion+, Arenaceous Body",,25,0,0,-25,-50,50,0,0,50,25,-25,-25,-25,0,-50,25,4,1,1,4,4,4
Memecoleous,L,The Phantom Sands,Inflict Poison,7,"Great Sandstorm, Faith, Doom","HP++, Strength+, Defense++, Magic+(x2), Accuracy++, Critical++, Pharmacology, Stabilizer",,25,0,0,-25,-50,50,0,0,25,50,-25,0,-50,0,0,0,5,1,1,4,4,2
Sand Worm,L,"The Phantom Sands, The Crystal Tower",Counterattack,7,"Body Slam, Constrict, Earthquake, Quicksand, Sandstorm","HP+(x2), Strength+, Defense+, Magic+, Magic Defense+, Accuracy+, Evasion+, Critical+, Gravity Counter, Earth Resistance+, Earth Resistance++, SOS Conserve AP",,0,-25,25,-25,-50,-75,0,0,25,0,0,0,-25,25,25,-25,4,2,2,4,5,1
Sea Worm,L,"The Sunken Temple, The Crystal Tower",Reduce its HP,7,"Waterga, Tsunami, Whirlpool, Focus","HP+(x3), Strength++, Defense+, Magic+(x2), Magic++, Magic Defense+, Agility+(x2), Accuracy+, Evasion+, Critical+, Enhanced Water, Gravity Counter",,25,0,-100,0,75,0,0,0,25,0,0,0,-25,25,25,-25,4,3,3,3,3,2
Searcher,S,"Underground Prison, Mako Reactor",Physical Attack,2,"Fire, Cure, Balance, Faith, Libra","Fire Strike, Pattern Analysis","Stroll, Zap",25,25,-50,25,-50,25,0,0,0,0,0,0,0,0,0,0,1,2,5,1,3,5
Magitek Armor,L,"Underground Prison, Mako Reactor",Reduce its HP,6,"Charge, Fire Beam, Ice Beam","Magic+, Magic Defense+, Accuracy+, Critical Guard, Magitek Circuitry",Joyride,25,25,-50,25,-50,25,0,0,0,0,0,0,0,0,0,0,3,2,5,2,4,1
Death Machine ,L,Mako Reactor,Critical Hits,7,"Body Slam, Full Output","HP++, Strength++, Magic++, Assault, Battery Powered, Retaliatory Missile",,25,25,-50,25,-50,25,0,0,0,-25,0,0,-25,0,0,25,2,5,2,5,2,1
Security Eye,S,The Chainroad,Last Mirage Standing,2,"Blizzard, Bravery, Upgrade, Libra","Magic+, Hi-Speed Op, Vigilance","Stroll, Zap",0,25,-25,25,-25,0,0,0,0,0,0,0,0,0,0,0,2,2,4,1,5,4
Magitek Armor A,L,Castle Exnine,Deal a lot of damage at once ,6,"Metal Cutter, Thunder Beam, Ice Beam, Charge","Strength+, Magic+, Anti-Magic Coating, Stabilizer",Joyride,0,25,-25,25,-25,0,0,0,0,0,0,0,0,0,0,0,3,2,4,2,4,2
War Machine,L,Castle Exnine,Critical Hits,7,"Body Slam, Full Output","HP++, Strength++, Magic++, Critical+, Battery Powered, Retaliatory Missile",,0,25,-25,25,-25,0,0,0,0,0,0,0,0,0,0,0,3,4,2,4,2,3
Death Searcher ,S,Castle Exnine,Reflect Magic,2,"Gaze, Thunder, Gravity, Death","Strength+, Magic+, Accuracy+, Evasions+, Critical+, Reaper Lore, Treasure Hunter","Stroll, Zap",25,25,-50,25,-50,25,0,0,-25,0,-25,0,0,0,0,25,1,2,5,2,5,4
Magitek Armor P,L,The Coliseum,Reduce its HP,6,"Body Slam, Fire Beam, Thunder Beam","HP+(x2), Strength+(x2), Defensse+, Magic+(x2), Magic Defense+(x2), Agility+, Accuracy+(x2), Evasion+, Critical+, Magitek Circuitry, No Escape, Rebound",,25,-25,-50,25,-50,25,0,50,0,0,0,0,0,0,0,0,3,2,4,2,3,1
Crimson Armor,L,The Coliseum,Reduce its HP,6,"Fire Beam, Ice Beam, Haste","Strength+, Magic+(x2), Magic Defense+, Agility+, Accuracy+, Magitek Circuitry, Rebound",Joyride,50,25,0,25,-50,-50,0,0,0,0,0,0,0,0,0,0,3,2,4,2,3,1
Imp,S,"Big Bridge, The Train Graveyard",Inflict Confusion,1,"Poison Nails, Fire, Bewitching Whisper, Bravery","HP+, Strength+, Magic+, Magic Defense+, Agility+, Evasion+, Pharmacology",,50,0,0,0,-50,0,-50,50,-25,50,25,-25,0,0,-25,0,2,2,4,2,4,4
Diabolos,XL,Diabolos Memento,None,,"Gravija, Nightmare, Ultimate Terror","HP+, Strength++, Magic++, Magic Defense+(x2), Agility+, Accuracy+, Evasion+, Nightmarish Lore, Nightmaretouch",,0,0,0,0,0,0,-50,50,-50,0,100,0,25,25,0,50,5,2,5,3,5,5
Garchimacera,S,Mako Reactor,Inflict Confusion,1,"Tickle, Bio, Dark, Bewitching Whisper, Moon Flute","HP+(x2), Strength+, Defense+, Magic+(x2), Magic Defense+(x2), Agility+(x2), Accuracy+, Evasions+, Critical+(x2), Entropy",,0,0,0,0,0,0,-50,50,-75,0,25,-25,25,100,0,-25,2,2,4,5,1,4
Brothertaur,M,Big Bridge,Earth Attacks,5,"Horn, Double Smash, Stack Buster","HP+(x2), Strength+(x3), Defense+, Critical+(x2), Entropy",,0,0,0,-50,0,50,50,-50,25,-25,0,-25,50,50,25,-50,4,4,1,4,3,2
Minotaur,L,"The Chainroad, Castle Exnine",Inflict Confusion,7,"Bulldozer, Protect, Focus","HP+, HP++, Strength+(x3), Critical+(x2), Ambush",Smash,0,0,0,-50,0,50,50,-50,25,-25,0,-25,50,50,25,-50,4,4,1,4,3,2
Sistertaur,M,The Crystal Tower,Reduce its HP,5,"Horn, Stack Buster, Esuna","HP+, Strength+(x3), Agility+, Accuracy+, Critical+(x2), Victory Charge",,50,0,0,-50,-50,50,-25,25,25,-25,0,-25,50,50,25,-50,4,4,1,4,3,2
Asterius,L,The Coliseum,Inflict Berserk,7,"Bulldozer, Shell, Focus","HP+, HP++, Strength+(x2), Defense+, Critiacl+, Critical++, Entropy",Smash,0,0,25,-50,-25,75,0,-25,25,-25,0,-25,50,50,25,-50,4,4,2,4,3,1
Gilgamesh,M,The Coliseum,Inflict Berserk,4,"Protect, Shell, Haste, Thunderbolt, Lambaste, Leg Sweep, Wind Slash, Mightiest of Sword","HP+, HP++, Strength+(x2), Defense+, Magic+(x2), Magic Defense+, Agility+(x2), Accuracy+, Evasions+, Critical+(x2)",,0,0,0,0,0,0,0,0,0,-25,-25,25,0,25,0,0,5,5,4,1,2,3
Unicorn ,M,The Crystal Tower,Inflict any ailment,5,"Banish, Healing Horn, Regen","HP+, Strength+, Defense+, Magic+, Magic Defense+, Agility+, Accuracy+, Enhanced Cure",,0,0,-25,0,25,0,50,-50,-50,25,25,-25,25,25,-25,0,1,4,2,2,4,4
Odin,XL,Odin Memento,None,,"Double Cut, Gungnir, Zantetsuken, Banish, Dark, Regen","HP++, Strength+, Strength++, Defense+, Magic Defense+, Agility+(x2), Accuracy++, Critical+, Ullr's Shield",,0,0,-100,0,0,0,50,50,-25,50,50,-25,100,-25,-25,50,5,5,4,4,3,5
Nightmare,M,Nightmare Memento,None,5,"Horn, Aero, Gravity, Dark, Hypnosis","HP+(x2), Strength+(x2), Defense+, Magic+(x2), Magic Defense+, Agility+(x2), Accuracy+, Evasion+, Critical+, Nightmarish Lore, Sleep Chance+ ",,0,0,0,0,0,0,-50,50,-50,-25,100,-25,-50,0,0,25,1,4,2,2,5,4
Mindflayer,M,The Crystal Tower,Reflect Magic,4,"Water, Bio, Dark, Mind Blast","Magic+, Magic Defense+, Endless Nightmare",,-50,0,-50,0,50,0,0,50,0,25,25,-25,25,0,0,-25,2,2,5,2,4,3
Kraken,L,The Coliseum,Inflict Poison,6,"Watera, Tsunami, Evil Mist, Reflect","HP+, Magic+, Magic Defense+, Water Converter",,25,0,-75,0,75,0,-50,25,25,0,0,0,0,0,-25,0,4,4,4,1,4,1
Ultros,L,Ultros Memento,None,7,"Octentacle, Tsunami, Thunderbolt","HP++, Strength++, Magic+, Accuracy+, Critical+, Dispel Counter",,-50,0,0,0,50,0,0,0,-25,-25,0,50,0,0,0,0,5,2,2,4,2,2
Squidraken,M,Castle Exnine,Reflect Magic,4,"Water, Banish, Mind Blast, Sleep","HP+, Defense+(x2), Magic+, Magic Defense+, Accuracy+, Endless Nightmare",Chill,-50,50,0,0,0,0,0,0,0,25,25,-25,25,0,0,-25,2,2,5,2,4,3
Cenchos,L,The Coliseum,Reflect Magic,6,"Watera, Banishra, Tsunami, Evil Mist, Reflect","HP++, Magic+, Magic++, Magic Defense++, Critical+, Enhanced Water, Enhanced Light",,-50,50,0,0,0,0,0,0,25,0,0,0,0,0,-25,0,4,4,4,1,4,1
Titan,L,The Crystal Tower,Critical Hits,7,"Throw Stone, Geocrush, Gaia's Wrath","HP+, Strength++(x2), Defense+, Magic Defense+, Critical+, Enhanced Attack, Enhanced Earth, Stabilizer",,0,0,0,-50,0,75,0,-25,0,0,0,-25,-50,25,50,0,4,3,4,3,3,1
Maduin,L,Maduin Memento,None,6,"Riot Blow, Chaos Wave, Ultimate Focus","HP+(x2), Strength++, Defense+(x2), Magic+, Magic Defense+, Critical+, Cover",,25,25,25,0,0,-25,0,-50,0,0,0,-25,-50,25,50,0,5,1,4,2,4,1
Iron Muscles,L,???,Inflict DEF ↓,7,"Body Slam, Double Smash, Counterstance, Focus","HP+(x3), Strength+(x2), Defense+(x3), Magic Defense+(x2), Accuracy+, Critical+(x3), Metallic Body, Magic Counter",,0,0,0,0,0,0,0,0,0,0,0,-25,-50,25,50,0,4,3,4,3,3,1
Magna Roader(P),L,"The Chainroad, Castle Exnine",Reduce its HP,6,"Wheel, Dark, Bio, Upshift","HP+(x2), Strength+(x2), Magic+, Magic Defense+, Agility+(x3), Accuracy+, Evasion+, Critical+, Top Gear, First Strike",Joyride,50,-50,0,0,0,0,0,0,0,-25,25,25,0,-50,25,0,3,3,3,2,2,4
Magna Roader(Y),L,Castle Exnine,Reduce its HP,6,"Wheel, Aero, Aerora, Haste, Upshift","HP+, Strength+(x2), Magic+, Magic Defense+, Agility+(x3), Accuracy+, Evasion+(x2), Critical+, Courage Under Fire, Last Stand",Joyride,-50,0,0,0,50,0,0,0,0,-25,25,25,0,-50,25,0,3,3,3,2,3,4
Magna Roader(R) ,L,Castle Exnine,Reduce its HP,6,"Wheel, Fire, KERS, Flash, Upshift","HP+, Strength+(x2), Magic+, Magic Defense+, Agility+(x3), Accuracy+, Evasion+(x2), Critical+, Recycle, Vigilance",Joyride,50,-50,50,0,-50,0,0,0,0,-25,25,25,0,-50,25,0,2,3,3,3,3,5
Entom Guard,M,Castle Exnine,Fire Attacks,7,"Body Slam, Whirlwind, Reflect","HP+, Strength+(x2), Defense+(x2), Magic+, Accuracy+, Metallic Body, Overheat",Zap,25,25,-50,25,-50,25,0,0,25,0,0,0,0,-25,0,25,5,1,2,5,4,1
Omega ,L,The Coliseum,Deal a lot of damage at once ,7,"Missile, Wave Cannon, Destroyer","HP++, Strength++, Defense++, Magic++, Magic Defense++, Agility+, Critical+, Meltdown",Joyride,25,25,-100,25,-50,25,25,25,25,0,0,25,0,-25,25,25,4,3,4,3,3,1
Entom Soldier,L,Entom Soldier Memento,Fire Attacks,6,"Random Shock, Pulverizing Blow","HP+(x2), Strength+, Defense+, Magic+, Magic Defense+, Accuracy+, Critical+(x2), Metallic Body, Overheat",,25,25,-50,25,-50,25,0,0,25,0,0,0,0,-25,0,25,5,1,2,5,4,1
Omega Bane,L,The Coliseum,Deal a lot of damage at once ,7,"Missile, Wave Cannon, Destroyer","HP++, Strength++, Defense+, Magic++, Accuracy+, Critical+, Meltdown, Overclock",Joyride,25,25,-100,25,-50,25,25,25,25,0,0,25,0,-25,25,25,4,3,4,3,3,1
Elite Entom,L,The Coliseum,Fire Attacks,6,"Pulverizing Blow, Random Shock, Earthquake","HP++, Strength+(x2), Magic+, Magic Defense+, Accuracy+, Critical+(x2), Metallic Body, Overheat",,25,25,-50,25,-50,25,0,0,25,0,0,0,0,-25,0,25,5,2,2,4,4,1
Ultima Weapon,XL,The Coliseum,Deal a lot of damage at once ,,"Ultima, Ultima Beam, Full Power!","HP+(x2), HP++(x2), Strength+, Strength++, Defense+(x2), Magic+, Magic++, Agility+(x2), Accuracy+(x2), Evasion+, Critical+, Critical++, Enhanced Criticals, Enhanced Attack",,0,0,0,0,0,0,0,0,100,25,-25,-25,25,25,-25,50,5,5,5,2,4,3
Einhänder,L,The Coliseum,Inflict EVA ↓,5,"Blades, Firaga, Aerora, Random Shock","HP+(x2), Strength+(x3), Magic+(x2), Agility+(x2), Accuracy+, Evasion+(x3), Critical+(x2), Pattern Analysis, Bypass Reflect",,25,25,-50,25,-50,25,0,0,0,0,0,0,0,0,0,0,3,4,4,2,2,3
Astraea,L,The Coliseum,Reduce its HP,5,"Blades, Thundara, Flash, Reflect","HP+(x2), Strength+(x2), Magic+(x3), Magic Defense+, Agility+(x2), Evasion+(x3), Critical+, Pharmacology, Recycle",,25,25,-50,25,-50,25,0,0,0,0,0,0,0,0,0,0,3,4,4,1,2,3
XG,XL,EX Dungeon Z,None,,"Flaming Hell, Kishin, Raigeki","HP++(x2), Strength+, Strength++(x2), Defense+(x2), Magic+, Magic++(x2), Magic Defense+, Agility+(x2), Accuracy+, Accuracy++, Evasion++, Critical++(x2), Hyper Mode",,0,0,0,0,0,0,0,0,0,50,50,50,0,-100,50,50,5,5,4,3,4,4
Omega God,XL,"Intervention: ""A Bridge's Woes""",None,,"Bold Maneuver, Atomic Impact","HP++, Strength++, Defense++, Magic++, Magic Defense++, Accuracy+, Accuracy++, Evasion+, Critical++, Point Deflector",,25,0,-25,25,-25,0,-50,50,25,25,25,25,25,25,0,25,5,3,5,5,3,2
Ifrit ☆,L,The Coliseum,Fire Attacks,6,"Punch, Fira, Blaze, Hellfire","HP+(x2), HP++, Strength+, Strength++, Defense+, Magic+(x2), Magic Defense+, Agility+(x2), Accuracy+, Evasion+, Critical++, Enhanced Fire, Counter, Blaze Spikes, Fire Converter",,100,-50,0,0,-50,0,0,0,0,25,0,0,0,-25,0,0,4,5,4,2,2,2
Shiva ☆,L,The Coliseum,Ice Attacks,5,"Blizzara, Ice Storm, Diamond Dust, Slow, Sleep","HP+(x2), Strength++, Defense+, Magic+(x2), Magic++, Magic Defense+, Magic Defense++, Agility+, Accuracy+(x2), Evasion+, Critical+, Enhanced Ice, Ice Spikes, Ice Converter",,-50,100,0,50,0,0,0,-100,0,0,25,0,0,0,-25,0,3,2,5,3,2,3
Ramuh ☆,L,The Coliseum,Thunder Attacks,6,"Thundara, Thunderbolt, Judgement Bolt, Shell, Regen","HP+, HP++, Strength+, Strength++, Defense+, Defense++, Magic+(x2), Magic Defense+, Agility+, Accuracy+, Evasion+, Critical+, Critical++, Enhanced Thunder, Shock Spikes, Thunder Converter",,0,0,100,0,50,-100,0,-50,0,0,0,0,-25,0,25,0,2,1,5,3,3,4
Leviathan ☆,XL,Story,Defeat,,"Reaper, Watera, Tsunami, Tidal Wave","HP+, HP++(x2), Strength+, Strength++, Defense+, Magic+(x2), Magic++, Magic Defense++, Agility+, Accuracy+, Accuracy++, Evasion+, Critical+, Enhanced Water(x2), Aqua Spikes ",,50,50,-150,0,150,0,-50,-50,0,25,25,0,50,25,25,25,5,3,4,5,5,4
Bahamut ☆,XL,Story,Defeat,,"Touchdown, Flare, Megaflare, Dispelga","HP+(x2), HP++, Strength+(x3), Strength++, Defense+, Magic+(x3), Magic++, Magic Defense+, Agility+, Accuracy+, Evasion+, Enhanced Criticals, Enhanced Attack",,25,25,25,25,25,25,-150,25,0,50,50,0,100,-25,-25,25,5,5,5,5,4,3
Odin ☆,XL,Story,Defeat,,"Double Cut, Gungnir, Zantetsuken, Banish, Dark, Regen","HP+(x2), HP++, Strength+, Strength++(x2), Defense+, Magic Defense+, Agility+, Accuracy+(x2), Evasion+(x2), Critical+, Critical++, Ullr's Shield",,25,25,-200,25,25,0,50,50,-25,50,50,-25,100,-25,-25,50,5,5,4,4,3,5
Diabolos ☆,XL,Story,Defeat,,"Fire, Gravija, Poison Nails, Nightmare, Bravery, Ultimate Terror","HP++, Strength+, Strength++, Defense+, Magic++(x2), Magic++, Magic Defense+, Magic Defense++, Agility+, Accuracy++, Evasions+(x2), Critical++, Nightmarish Lore, Nightmaretouch",,0,0,0,0,0,0,-100,100,-50,0,100,0,25,25,0,50,5,3,5,3,5,5
Master Moogle,S,The Coliseum,Cast Enhancement Magic,1,"Banish, Banishra, Forest Nocturne, Wind Rhapsody, Crystalline Flare","HP+(x3), Magic+(x3), Magic Defense+(x2), Agility+(x2), Accuracy+(x2), Evasion+(x2), Strategic AP Hike","Stroll, Flutter",125,50,0,0,-100,0,0,0,0,0,0,0,0,0,0,0,4,3,3,3,2,3
Master Cactuar,S,The Coliseum,Inflict EVA ↓,1,"1000 Needles, Haste, Perfect Dodge","HP+(x2), Strength+(x2), Strength++, Defense+, Magic+, Magic Defense+, Agility+, Accuracy++(x2), Evasion+(x2), Critical+(x2), Extra Needles(x2), Needle Thrift",Stroll,-100,125,0,50,0,0,0,0,0,25,25,25,0,25,-50,-25,1,3,3,3,3,5
Master Tonberry,M,The Coliseum,Deal a lot of damage at once ,4,"Sharpened Knife, Watera, Bravery, Counterstance","HP+(x3), Strength+(x3), Defense+, Magic+, Magic Defense+, Agility+, Accuracy+(x2), Evasion+, Critical+(x3), Pharmacology, Enhanced Criticals",,0,0,125,0,50,-100,0,0,25,-25,0,25,0,25,0,-25,1,2,2,4,4,4
Mecha Chocobo ☆,L,The Coliseum,Inflict Berserk,5,"Body Slam, Choco MAX, Metal Salvo, Berserk, Charge","HP+(x3), Strength+(x3), Defense+(x2), Magic+, Magic Defense+, Agility+(x2), Evasion+(x2), Critical+(x2), Overclock",Joyride,-50,25,-75,25,0,25,25,25,0,0,25,0,25,-25,25,-25,4,4,1,4,3,2
Boko,M,The Coliseum,Use Gysahl Greens,3,"Chocobo Kick, Cura, Raise","HP++, Strength+(x3), Defense+(x2), Magic+(x2), Magic Defense+, Agility+(x3), Accuracy+(x2), Evasion+, Critical+(x2), Critical AP Hike",Joyride,0,-50,0,50,0,50,0,-50,0,0,25,0,25,-25,25,-25,2,4,2,4,3,4
Ifreeta ☆,L,The Coliseum,Fire Attacks,5,"Punch, Crimson Cyclone, Firaga, Blaze","HP+, Strength+, Defense+, Defense++, Magic+(x2), Magic++, Magic Defense+, Agility+(x2), Accuracy+(x3), Evasion+(x2), Enhanced Fire(x2), Fire Converter",,100,-50,0,0,-50,25,0,-25,0,25,0,0,0,-25,0,0,3,4,5,1,2,3
Shivalry ☆,L,The Coliseum,Ice Attacks,5,"Blizzara, Blizzaga, Ice Storm, Deep Freeze, Slow","HP+, HP++, Strength+, Strength++, Defense+, Magic+, Magic++, Magic Defense+, Agility+(x2), Accuracy++, Evasion+(x2), Critical++, Enhanced Ice(x2), Ice Converter",,-100,100,-25,50,25,-25,25,-50,0,0,25,0,0,0,-25,0,4,4,4,3,1,2
Ramewl ☆,L,The Coliseum,Thunder Attacks,7,"Thundaga, Thunderbolt, Heaven's Wrath, Haste, Shell, Regen","HP+, HP++, Strength+, Defense++, Magic+(x2), Magic++, Magic Defense+(x2), Agility+, Accuracy+, Evasion+, Critical++, Enhanced Thunder(x2), Thunder Converter",,-25,25,100,25,50,-75,-25,-75,0,0,0,0,-25,0,25,0,3,2,4,3,1,5
Quacho Queen ☆ ,L,The Sunken Temple,Restore its HP,5,"Blizzaga, Watera, Waterga, Sweet Breath, Cura","HP+, HP++, Strength+, Defense+(x2), Magic+, Magic++(x2), Magic Defense+, Agility+, Accuracy++, Evasion+(x2), Critical+, Enhanced Cure, Extreme Bomber",,0,25,-50,25,50,-25,25,-25,-25,-25,0,25,25,25,25,-25,4,2,2,1,5,4
Miney,S,The Sunken Temple,Restore its HP,2,"Subdue, Water, Watera","HP+(x2), Strength+, Defense+, Magic+(x3), Magic Defense+(x2), Agility+(x2), Accuracy+(x2), Evasion+(x2), Critical+(x2), Rage Bomber",Stroll,0,25,-50,25,50,-25,25,-50,-25,-25,0,25,25,25,25,-25,3,2,2,2,5,4
Mo,S,The Sunken Temple,Restore its HP,2,"Subdue, Water, Watera","HP+(x2), Strength+, Defense+, Magic+(x3), Magic Defense+(x2), Agility+(x2), Accuracy+(x2), Evasion+(x2), Critical+(x2), Rage Bomber",Stroll,0,25,-50,-25,50,25,25,-50,-25,-25,0,25,25,25,25,-25,3,2,2,2,5,4
Princess Goblin ☆,M,Cornelia Region,Inflict blind,4,"Princess's Charm, Cura, Esuna, Raise, Protect, Flash","HP+(x2), Strength++, Defense+(x2), Defense++, Magic+, Magic Defense++, Agility+, Accuracy+, Accuracy++, Evasion+(x2), Critical++, Expendable Ribbon, Auto-Phoenix",,25,-25,25,-25,-25,25,-25,25,-25,-25,0,25,25,-25,25,0,2,3,3,3,3,3
Ultros ☆,L,The Coliseum,Battle with one party member,6,"Octentacle, Water, Watera, Tsunami, Thunderbolt, Dark, Reflect","HP++(x2), Strength++(x2), Defense+, Magic++, Magic Defense++, Agility+, Accuracy+(x2), Critical+(x2), Critical++, Enhanced Water",,-50,0,-25,0,50,25,-25,25,-25,-25,0,50,0,0,0,0,5,2,2,5,3,2
Undead Princess ☆,L,Ice Region,Light Attacks,5,"Possession Rush, Dark, Dread Gaze, Slow, Hypnosis, Syphon","HP+, HP++, Strength+(x2), Strength++, Magic+, Magic++, Magic Defense+, Agility+, Accuracy+, Evasion+, Critical++, Dark Converter, Reaper Lore, Revivify",,-50,0,25,-25,0,25,-25,50,0,-25,-25,0,-25,25,-50,50,3,3,4,2,4,1
Mecha Choco,M,Airship Murkrift,Fire Attacks,4,"Berserk, Charge, Chocobo Kick, Choco Surge","HP+(x2), Strength+(x2), Defense+(x4), Agility+(x2), Evasion+(x2), Critical+(x2), Pattern Analysis, Overheat",Joyride,25,25,-75,25,-75,25,25,25,0,0,25,0,25,-25,25,-25,3,4,1,4,3,4
Ponini,S,Ice Region,Critical Hits,1,"Cure, Esuna, Kick, Banish","Strength+(x2), Strength++, Defense+(x2), Magic+, Magic Defense+)x2), Agility+(x3), Accuracy+, Critical+(x2), Enhanced Cure, Unstacked Haste",Stroll,0,0,-25,0,25,0,25,-25,-50,25,25,-25,25,25,-25,0,2,4,2,3,4,4
Dramut,S,Rainbow Shore,Fire/Ice/Thunder Attacks,1,"Fire, Blizzard, Thunder, Gaze, Light Flare","Strength+, Defense+(x2), Magic+(x2), Magic++, Magic Defense+(x2), Evasion+(x2), Critical+, Dispel Counter, ","Sizzle, Chill, Zap, Stroll",25,25,25,-25,-25,-25,-50,50,0,25,25,0,25,-50,-50,0,1,3,4,3,4,3
Sylphine,M,Hidden Dungeon,Earth Attacks,3,"Aerora, Cure, Balance, Esunaga, Lunatic Voice","HP+, Strength+, Defense+, Magic+(x2), Magic++, Magic Defense+, Magic Defense++, Agility+, Agility++(x2), Accuracy+, Evasion+(x2), Critical+, Enhanced Cure",,0,-25,0,25,0,0,25,-25,-25,50,25,-25,25,-25,-25,0,3,2,3,2,4,4
Devil Wolf,M,Big Bridge,Inflict Berserk,4,"Subdue, Fire, Confuse, Abyss, Curse","HP+, Strength+, Strength++, Defense+, Magic+(x3), Agility+, Agility++, Accuracy+, Evasion+(x2), Critical+(x2), No Escape, Vigilance",,50,-25,0,0,-50,0,-25,50,-25,-25,0,0,-25,0,25,25,2,5,4,2,2,4
Lesser Coeurl,S,Hidden Dungeon,Inflict Confusion,1,"Bio, Thunderbolt, Mini Blaster","Magic+, Magic Defense+, Evasion+, Safety Bit",Stroll,-50,0,50,0,25,-25,0,0,25,-25,0,-25,0,0,-50,50,1,2,5,2,3,4
Moomba,M,Phantom Sands,Restore its HP,4,"Rake, Cat Claw, MoombaMoomba","Magic+, Magic Defense+, Agility+, Critical+, Counter",,-50,0,50,0,25,-25,0,0,25,-25,0,-25,0,0,-50,50,2,3,3,2,3,4
Coeurl,L,Hidden Dungeon,Inflict Doom,6,"Drain, Confuse, Blaster","Magic++, Magic Defense+, Agility+, Critical++, First Strike",Joyride,-50,0,50,0,0,0,0,0,25,-25,0,-25,0,0,-50,50,2,2,5,2,3,3
Daigoro,S,Hidden Dungeon,Physical Attack,1,"Gnaw, Haste, Focus","Strength+, Agility+, Evasion+, Gilfinder",Stroll,25,0,0,0,-25,0,-25,25,-75,0,0,25,-25,-25,0,75,2,4,2,3,2,5
Gamit,M,Hidden Dungeon,Physical Attack,4,"Slash, Body Slam, Kozuka","HP+, Strength++, Agility+, Evasion+, Critical+, First Strike",,25,0,0,0,-25,0,-25,25,-75,0,25,25,-25,-25,0,75,2,4,2,3,1,5
Yojimbo,L,Hidden Dungeon,Physical Attack,5,"Double Cut, Counterstance, Zanmato Iaigiri","Strength++, Defense++, Magic Defense++(x2), Evasion+(x2), Safety Bit",,50,0,0,0,-50,0,-50,50,-75,0,25,25,-25,-25,0,75,3,5,3,4,3,1
Marilith,L,Hidden Dungeon,Defeat,7,"Double Cut, Blade Dance, Fira, Dark, Bravery","HP+(x2), Strength+(x3), Magic Defense+, Agility+, Accuracy+(x2), Evasion+(x2), Critical++, Courage Under Fire, Fire Converter",,25,0,25,0,-50,0,0,0,100,-50,-50,-25,-25,0,-25,100,3,5,2,3,3,3
Lich,L,Hidden Dungeon,Defeat,7,"Death Cutter, Quake, Flare, Bio, Doom, Death","HP+, HP++, Strength+(x2), Magic+(x2), Magic++, Magic Defense+(x2), Magic Defense++, Critical++, Earth Converter, Reaper Lore",,0,25,0,-50,0,25,-50,50,0,-25,-25,0,-25,25,-50,50,3,2,5,2,5,2
Largebuncle,L,Library of the Ancients,Inflict Oblivion,7,"Arise, Protect, Shell, Balance, Balancega, Searing Light","HP+(x2), HP++(x2), Strength+, Defense+(x2), Defense++, Magic+, Magic Defense+, Magic Defense++(x2), Accuracy+, Critical+, Bypass Reflect",,0,0,0,0,0,0,50,-50,0,0,0,0,-25,-25,0,25,5,3,4,3,4,1
Syldra ☆,L,The Coliseum,Deal a lot of damage at once ,7,"Tsunami, Whirlpool, Great Thunderstorm, Aeroga, Faith","HP+(x2), HP++, Strength+, Defense+, Magic+(x3), Magic++, Magic Defense+, Magic Defense++(x2), Accuracy+, Evasion+, Critical+, Water Converter, Last Stand",,-50,-100,50,50,50,0,0,0,0,-50,-25,25,0,25,-25,50,3,3,5,3,3,1
Shiva-Ixion,L,The Coliseum,Ice Attacks,8,"Blizzaga, Haste, Slow, Icicle Drift","HP+, Strength+, Strength++, Defense+, Magic+(x3), Magic++, Magic Defense++, Agility++(x2), Accuracy+(x2), Evasion+, Critical++, Enhanced Ice, Ice Spikes, Ice Converter",,-100,150,-25,50,0,0,25,-100,50,0,25,0,0,-25,-50,0,4,2,4,3,3,4
Garland,M,Hidden Dungeon,Defeat,4,"Vertical Cleave, Blaze, Whirlwind, Earthquake, Tsunami, Soul of Chaos","HP+, Strength+(x2), Strength++, Defense+, Defense++, Magic+(x3), Magic Defense+(x2), Accuracy+, Critical+(x2), Enhanced Dark, Element Absorber",,25,-25,-25,25,25,25,-100,50,-25,-25,0,0,25,-25,-25,50,4,5,3,4,3,3
Mel,S,The Coliseum,Restore its HP,1,"Thundara, Thunderbolt, Thunderclap, Raise, Libra","HP+(x3), Strength+(x2), Magic+(x2), Agility+(x3), Evasion+(x2), Critical+(x2), Poisontouch","Stroll, Zap",0,0,50,0,0,-25,-50,25,0,-25,-50,-25,0,-25,25,0,2,4,4,4,2,4